{"cameraMode":{"drawMode":0,"name":"Shaded","section":"Shading Mode"},"sceneLighting":false,"audioPlay":false,"sceneViewState":{"m_AlwaysRefresh":false,"showFog":true,"showSkybox":false,"showFlares":true,"showImageEffects":true,"showParticleSystems":true,"showVisualEffectGraphs":true,"m_FxEnabled":true},"in2DMode":false,"pivot":{"x":-7.078051567077637e-8,"y":0.8271697163581848,"z":0.29792582988739016},"rotation":{"x":-0.30107176303863528,"y":0.5285652279853821,"z":-0.20764237642288209,"w":-0.766133189201355},"size":0.3333396017551422,"orthographic":false}